{"cameraMode":{"drawMode":0,"name":"Shaded","section":"Shading Mode"},"sceneLighting":true,"audioPlay":false,"sceneViewState":{"showFog":false,"showMaterialUpdate":false,"showSkybox":false,"showFlares":false,"showImageEffects":false,"showParticleSystems":false},"in2DMode":false,"pivot":{"x":114.30322265625,"y":150.978515625,"z":3.0625},"rotation":{"x":0.03149465098977089,"y":0.0029985078144818546,"z":-0.00009448425407754257,"w":0.999499499797821},"size":169.74887084960938,"orthographic":true}